{"cameraMode":{"drawMode":0,"name":"Shaded","section":"Shading Mode"},"sceneLighting":true,"audioPlay":false,"sceneViewState":{"showFog":true,"showMaterialUpdate":false,"showSkybox":true,"showFlares":true,"showImageEffects":true,"showParticleSystems":true},"in2DMode":false,"pivot":{"x":-3.229614734649658,"y":1.9929273128509522,"z":2.434645175933838},"rotation":{"x":0.005841630510985851,"y":0.9920628070831299,"z":-0.05035034567117691,"w":0.11509708315134049},"size":-0.2926049828529358,"orthographic":false}