{"cameraMode":{"drawMode":0,"name":"Shaded","section":"Shading Mode"},"sceneLighting":true,"audioPlay":false,"sceneViewState":{"showFog":true,"showMaterialUpdate":false,"showSkybox":true,"showFlares":true,"showImageEffects":true,"showParticleSystems":true},"in2DMode":false,"pivot":{"x":-3.849522113800049,"y":2.1262731552124025,"z":10.403032302856446},"rotation":{"x":0.00010576362546999007,"y":0.999238908290863,"z":-0.002707621781155467,"w":0.03899163007736206},"size":0.2926049828529358,"orthographic":false}