{"cameraMode":{"drawMode":0,"name":"Shaded","section":"Shading Mode"},"sceneLighting":true,"audioPlay":false,"sceneViewState":{"showFog":true,"showMaterialUpdate":false,"showSkybox":true,"showFlares":true,"showImageEffects":true,"showParticleSystems":true},"in2DMode":false,"pivot":{"x":-3.694336175918579,"y":5.321530818939209,"z":31.57900047302246},"rotation":{"x":-0.006306422408670187,"y":0.032091639935970309,"z":-0.00020318332826718688,"w":-0.999472975730896},"size":28.393152236938478,"orthographic":false}