{"cameraMode":{"drawMode":0,"name":"Shaded","section":"Shading Mode"},"sceneLighting":true,"audioPlay":false,"sceneViewState":{"showFog":true,"showMaterialUpdate":false,"showSkybox":true,"showFlares":true,"showImageEffects":true,"showParticleSystems":true},"in2DMode":false,"pivot":{"x":-53.04166030883789,"y":-21.403705596923829,"z":-28.584867477416993},"rotation":{"x":0.09346936643123627,"y":-0.8316827416419983,"z":0.1474778801202774,"w":0.5271156430244446},"size":34.608943939208987,"orthographic":false}