{"cameraMode":{"drawMode":0,"name":"Shaded","section":"Shading Mode"},"sceneLighting":false,"audioPlay":false,"sceneViewState":{"showFog":true,"showMaterialUpdate":false,"showSkybox":false,"showFlares":true,"showImageEffects":true,"showParticleSystems":true},"in2DMode":false,"pivot":{"x":2.2724201679229738,"y":-3.5747201442718508,"z":0.4538663923740387},"rotation":{"x":0.12989060580730439,"y":0.5444750785827637,"z":-0.08580661565065384,"w":0.8242049217224121},"size":4.345613479614258,"orthographic":false}