{"cameraMode":{"drawMode":0,"name":"Shaded","section":"Shading Mode"},"sceneLighting":true,"audioPlay":false,"sceneViewState":{"showFog":true,"showMaterialUpdate":false,"showSkybox":true,"showFlares":true,"showImageEffects":true,"showParticleSystems":true},"in2DMode":false,"pivot":{"x":2.6587603092193605,"y":-16.758554458618165,"z":-24.43050765991211},"rotation":{"x":0.008890827186405659,"y":0.9767823815345764,"z":-0.21004264056682588,"w":0.04134277254343033},"size":28.642118453979493,"orthographic":false}