{"cameraMode":{"drawMode":0,"name":"Shaded","section":"Shading Mode"},"sceneLighting":false,"audioPlay":false,"sceneViewState":{"showFog":true,"showMaterialUpdate":false,"showSkybox":false,"showFlares":true,"showImageEffects":true,"showParticleSystems":true},"in2DMode":false,"pivot":{"x":0.08605188131332398,"y":-0.09620058536529541,"z":-0.21271979808807374},"rotation":{"x":0.08445122092962265,"y":-0.24810734391212464,"z":0.02171705849468708,"w":0.9648017883300781},"size":0.8102363348007202,"orthographic":false}