{"cameraMode":{"drawMode":0,"name":"Shaded","section":"Shading Mode"},"sceneLighting":false,"audioPlay":false,"sceneViewState":{"showFog":true,"showMaterialUpdate":false,"showSkybox":false,"showFlares":true,"showImageEffects":true,"showParticleSystems":true},"in2DMode":false,"pivot":{"x":-0.000001430511474609375,"y":-2.7310221195220949,"z":0.0},"rotation":{"x":-0.030854735523462297,"y":-0.966332197189331,"z":0.21418190002441407,"w":-0.1392432451248169},"size":4.4581122398376469,"orthographic":false}